{
  "project_info": {
    "project_number": "899766311414",
    "project_id": "fleet-app-ac8c8",
    "storage_bucket": "fleet-app-ac8c8.appspot.com"
  },
  "client": [
    {
      "client_info": {
        "mobilesdk_app_id": "1:899766311414:android:a14b48b5dd1a989d844fd7",
        "android_client_info": {
          "package_name": "com.example.group_assignment"
        }
      },
      "oauth_client": [
        {
          "client_id": "899766311414-mjd1ph7hvfsngnf49nnbfia30u1qpur6.apps.googleusercontent.com",
          "client_type": 3
        }
      ],
      "api_key": [
        {
          "current_key": "AIzaSyBBkPtd4DsjYgnhQZiASS561ae5WrnpY8I"
        }
      ],
      "services": {
        "appinvite_service": {
          "other_platform_oauth_client": [
            {
              "client_id": "899766311414-mjd1ph7hvfsngnf49nnbfia30u1qpur6.apps.googleusercontent.com",
              "client_type": 3
            }
          ]
        }
      }
    }
  ],
  "configuration_version": "1"
}